Variables and Data Types,Control Structures,Functions and Modules
Classes and Objects,Inheritance and Polymorphism,Encapsulation and Abstraction
Computer Architecture,Operating Systems,Networking and Internet
Arrays and Linked Lists,Stacks and Queues,Stacks and Queues
Asymptotic Notation,Sorting and Searching Algorithms,Dynamic Programming
Requirements Elicitation,Requirements Analysis and Specification,Requirements Validation and Verification
Research Design,Data Collection and Analysis,Research Ethics
Introduction to Big Data,Data Processing and Analysis,Data Visualization
Introduction to AI,Natural Language Processing,Expert Systems
Neural Networks,Convolutional Neural Networks,Recurrent Neural Networks
Image Enhancement,Image Segmentation,Image Recognition and Classification
