Which of the following is a valid data type in most programming languages?,a) Text,b) Image,c) Audio,d) Integer
Which control structure is used to execute a block of code repeatedly as long as a certain condition is true?,a) if-else,b) for loop,c) switch case,d) while loop
Which statement is used to transfer the control to a specific line of code within a function?,a) return,b) break,c) continue,d) goto
What is the purpose of using parameters in a function?,a) To store temporary data,b) To specify the return type,c) To pass values into the function,d) To specify the function's name
Which of the following is a benefit of using modules in programming?,a) Reducing code duplication,b) Enhancing program security,c) Controlling program execution speed,d) Increasing program complexity
Which of the following is NOT a fundamental principle of Object-Oriented Programming?,a) Inheritance,b) Encapsulation,c) Polymorphism,d) Abstraction
Which term describes the ability of an object to take on many forms or have multiple types?,a) Inheritance,b) Encapsulation,c) Polymorphism,d) Abstraction
Which keyword is used to create a new instance of a class in most object-oriented programming languages?,a) create,b) new,c) instantiate,d) allocate
In OOP which of the following describes the process of defining a new class based on an existing class?,a) Polymorphism,b) Abstraction,c) Encapsulation,d) Inheritance
Which concept in OOP allows a class to inherit properties and behaviors from another class?,a) Encapsulation,b) Polymorphism,c) Inheritance,d) Abstraction
Which of the following is NOT considered a primary component of a computer system?,a) Central Processing Unit (CPU),b) Random Access Memory (RAM),c) Input Devices,d) Output Devices
Which of the following programming languages is specifically designed for creating web pages and web applications?,a) Python,b) Java,c) HTML,d) C++
What is the binary representation of the decimal number 10?,a) 0010,b) 1010,c) 0101,d) 1111
Which of the following storage devices provides the fastest access to data?,a) Hard Disk Drive (HDD),b) Solid-State Drive (SSD),c) Magnetic Tape,d) USB Flash Drive
Which of the following is NOT an example of an operating system?,a) Windows,b) Mac OS,c) Linux,d) Microsoft Office
Which data structure is best suited for implementing a dictionary with a fast lookup time?,a) Array,b) Linked List,c) Stack,d) Hash Table
What is the time complexity of searching an element in a balanced binary search tree?,a) O(1),b) O(log n),c) O(n),d) O(n^2)
Which data structure uses First-In-First-Out (FIFO) ordering?,a) Queue,b) Stack,c) Heap,d) Tree
Which data structure allows efficient insertion and deletion at both ends?,a) Array,b) Linked List,c) Stack,d) Queue
Which data structure is typically used to implement a priority queue?,a) Array,b) Linked List,c) Stack,d) Heap
What does the Big O notation represent in the analysis of algorithms?,a) Best-case time complexity,b) Average-case time complexity,c) Worst-case time complexity,d) Space complexity
Which sorting algorithm has a time complexity of O(n log n) in the average and worst cases?,a) Bubble Sort,b) Insertion Sort,c) Quick Sort,d) Selection Sort
Which algorithm is used to find the shortest path in a weighted directed graph?,a) Dijkstra's algorithm,b) Breadth-First Search (BFS),c) Depth-First Search (DFS),d) Prim's algorith
What is the time complexity of a linear search algorithm?,a) O(1),b) O(log n),c) O(n),d) O(n^2)
Which algorithm is commonly used to solve the traveling salesman problem?,a) Kruskal's algorithm,b) Bellman-Ford algorithm,c) Floyd-Warshall algorithm,d) Branch and Bound algorithm
What is the process of determining documenting and managing the requirements of a software system?,a) Requirement analysis,b) Requirement elicitation,c) Requirement validation,d) Requirement management
Which of the following is NOT a characteristic of a good software requirement?,a) Ambiguity,b) Consistency,c) Completeness,d) Testability
Which technique focuses on capturing users' requirements through a face-to-face conversation?,a) Interviews,b) Surveys,c) Questionnaires,d) Prototyping
What is the purpose of a use case diagram in software requirements engineering?,a) To describe the flow of events in a system,b) To visualize the interactions between system components,c) To identify the actors and their interactions with the system,d) To specify the functional requirements of a system
Which document describes the behavior and external interactions of a software system from the user's perspective?,a) Software Requirements Specification (SRS),b) Use Case Diagram,c) User Interface Design (UI) document,d) System Design Document
What is the process of systematically collecting analyzing and interpreting data to answer research questions or test hypotheses?,a) Data analysis,b) Data collection,c) Data interpretation,d) Research methodology
Which of the following is NOT a primary research method?,a) Surveys,b) Experiments,c) Literature review,d) Interviews
What is the purpose of a literature review in research?,a) To summarize the findings of the research,b) To evaluate the reliability of the research results,c) To identify the research gap and build on existing knowledge,d) To promote the research findings to a wider audience
Which research design involves collecting data from a group of participants at a single point in time?,a) Experimental design,b) Longitudinal design,c) Cross-sectional design,d) Case study design
What is the process of obtaining informed consent from participants before involving them in a research study called?,a) Sampling,b) Data collection,c) Randomization,d) Ethical considerations
What term refers to the process of extracting meaningful patterns and insights from large and complex datasets?,a) Data visualization,b) Data mining,c) Data preprocessing,d) Data analysis
Which of the following is NOT a commonly used tool or technology for big data analytics?,a) Hadoop,b) Spark,c) Python,d) Tableau
Which statistical measure describes the average value of a dataset?,a) Median,b) Mode,c) Mean,d) Standard deviation
What is the purpose of data preprocessing in big data analytics?,a) To remove outliers from the dataset,b) To transform the data into a suitable format for analysis,c) To reduce the dimensionality of the dataset,d) To perform statistical analysis on the dataset
Which of the following is a key challenge in big data analytics?,a) Data security,b) Data visualization,c) Data storage,d) Data sampling
What is the branch of AI that deals with teaching machines to learn from data and make intelligent decisions?,a) Machine learning,b) Natural language processing,c) Expert systems,d) Robotics
Which of the following is NOT a type of machine learning algorithm?,a) Decision tree,b) Artificial neural network,c) Genetic algorithm,d) Heuristic algorithm
What is the process of converting raw data into a more meaningful representation called?,a) Data preprocessing,b) Data normalization,c) Data integration,d) Data abstraction
Which technique in AI is inspired by the behavior of biological neurons in the human brain?,a) Artificial neural networks,b) Decision trees,c) Genetic algorithms,d) Expert systems
What is the goal of natural language processing (NLP) in AI?,a) To enable machines to understand and generate human language,b) To simulate human emotions in machines,c) To develop robots that can perform physical tasks,d) To analyze and interpret visual data
What is the primary building block of a deep neural network?,a) Neuron,b) Layer,c) Activation function,d) Loss function
Which of the following is a widely used deep learning framework?,a) TensorFlow,b) Java,c) C++,d) HTML
What is the purpose of training a deep learning model?,a) To optimize the model's parameters for making accurate predictions,b) To evaluate the model's performance on test data,c) To preprocess the input data for better representation,d) To interpret the model's internal workings
What is the term used to describe a deep learning model making incorrect predictions despite being trained on correct data?,a) Overfitting,b) Underfitting,c) Bias,d) Variance
Which deep learning architecture is commonly used for image recognition tasks?,a) Convolutional Neural Networks (CNN),b) Recurrent Neural Networks (RNN),c) Generative Adversarial Networks (GAN),d) Long Short-Term Memory (LSTM) networks
What is the process of enhancing an image to improve its visual quality or extract useful information called?,a) Image compression,b) Image segmentation,c) Image enhancement,d) Image recognition
Which technique is commonly used to remove noise from an image?,a) Histogram equalization,b) Median filtering,c) Fourier transformation,d) Edge detection
What is the term used to describe the process of dividing an image into multiple regions based on certain characteristics?,a) Image compression,b) Image segmentation,c) Image enhancement,d) Image recognition
Which digital image format supports lossless compression and is commonly used for storing high-quality images?,a) JPEG,b) PNG,c) GIF,d) BMP
Which technique is used to automatically identify and locate objects or patterns in an image?,a) Image compression,b) Image segmentation,c) Image enhancement,d) Image recognition

