Variables can only store numeric values,False
The "if" statement is an example of a control structure,True
Functions are used to group a set of related statements together,True
Modules in programming are used to represent physical hardware components,False
Control structures can be used to control the flow of execution in a program,True
In object-oriented programming (OOP) objects are instances of classes,True
Inheritance in OOP allows a class to inherit properties and methods from multiple classes,False
Encapsulation in OOP combines data and methods into a single unit called a class,False
Polymorphism is a feature of OOP that allows objects of different classes to be treated as objects of a common superclass,True
Abstraction in OOP focuses on exposing complex implementation details to the users,False
A compiler is a software program that translates high-level programming code into machine code that can be directly executed by the computer,True
Random Access Memory (RAM) is a type of non volatile memory that stores data and instructions that are actively being used by the CPU,False
The operating system is a layer of hardware that manages computer hardware resources and provides a user interface for interacting with the computer,False
The central processing unit (CPU) is responsible for executing instructions and performing calculations in a computer,True
The binary number system is the foundation of digital computing representing data using only two digits: 0 and 1,True
An array is a data structure that stores elements of the different data type in contiguous memory locations,False
A stack is a Last-In-First-Out (LIFO) data structure where elements are added and removed from the same end called the top,True
Linked lists are data structures where elements are stored in nodes that contain a reference to the next node in the sequence,True
A queue is a First-In-First-Out (FIFO) data structure where elements are added at the rear and removed from the back,False
Binary search trees are data structures that store elements in a hierarchical structure where each node has at most two child nodes, a left child and a right child,True
The time complexity of an algorithm measures the amount of time it takes to run an algorithm as a function of the input size,True
Big O notation is used to represent the upper bound or worst-case time complexity of an algorithm,True
An algorithm with a time complexity of O(n) will always run faster than an algorithm with a time complexity of O(n^2) for large input sizes,True
The space complexity of an algorithm measures the amount of memory it requires as a function of the input size,True
The best-case time complexity of an algorithm represents the minimum amount of time it will take to run under any circumstance,False
Software requirements engineering is the process of defining documenting and managing the requirements for a software system,True
Functional requirements specify what the software system should do in terms of specific features functionalities and behaviors,True
User stories are a technique used in agile software development for capturing functional requirements from the perspective of end-users,True
Functional requirements are primarily concerned with the performance security usability and other quality attributes of the software system,True
Requirements validation is the process of ensuring that the undefined requirements are complete consistent and unambiguous,False
Research methodology refers to the systematic process of planning conducting and analyzing research studies,True
Qualitative research focuses on numerical data and statistical analysis,False
In experimental research the researcher manipulates independent variables to observe their effects on dependent variables,True
A hypothesis is a statement that predicts the relationship between variables in a research study,True
Convenience sampling is a type of probability sampling technique used to select participants randomly from the target population,False 
Big Data Analytics refers to the process of analyzing large and complex datasets to extract valuable insights,True
Big Data Analytics primarily deals with structured data such as data in traditional databases,False 
Machine Learning is not used in Big Data Analytics,False
In Big Data Analytics data sampling is often necessary to process and analyze large datasets,True
Big Data Analytics focuses only on historical data analysis and cannot be used for real-time data analysis,False
Artificial Intelligence (AI) is a branch of computer science that focuses on creating intelligent machines that can perform tasks that typically require human intelligence,True
Machine Learning is a subset of Artificial Intelligence that enables machines to learn and improve from experience without explicit programming,True
Artificial General Intelligence (AGI) refers to AI systems that can perform any intellectual task that a human being can do,True
Deep Learning is a type of AI that uses neural networks with multiple layers to extract high-level features from complex data,True
AI can replace human intelligence entirely and accomplish any task that humans can do,False 
Deep Learning is a subfield of Machine Learning that focuses on artificial neural networks with multiple layers,True
Deep Learning algorithms can automatically learn and extract hierarchical representations of data from large amounts of labeled examples,True
Deep Learning is only applicable to structured and tabular data,False
Deep Learning models typically require less computational resources and training data compared to traditional Machine Learning algorithms,False 
Deep Learning algorithms can make decisions and predictions without the need for human intervention or labeled data,False
Digital Image Processing refers to the manipulation and analysis of digital images using computer algorithms,True
Image enhancement is a process in Digital Image Processing that aims to improve the visual quality of an image by reducing noise and improving contrast,True
Image compression is a technique used in Digital Image Processing to increase the file size of an image without losing any information,False
Image segmentation is the process of dividing an image into multiple regions or objects based on their similarities or differences,True
Processing techniques can only be applied to photographs and cannot be used for other types of images such as medical scans or satellite images,False 